Index,Param1,Param2,Param3,obs1,obs2,obs3,obs4
284.53,2312.419392,2.5855,4087.489439,0,0,0,0
284.68,2312.419392,2.5701,4087.489439,-0.002987043,-0.002730792,-0.002030765,-0.001074734
284.84,2312.419392,2.5738,4087.489439,0.000719299,0.000657618,0.000489102,0.00025889
284.99,2312.419392,2.5935,4087.489439,0.003812436,0.003485636,0.0025927,0.001372562
285.14,2304.551641,2.6102,4044.585987,-0.002066611,-0.002424554,-0.003739078,-0.007111007
285.29,2245.303867,2.603,4105.879976,0.006139259,0.009046336,0.017478828,0.031378299
285.45,2276.835736,2.5732,4080.48516,-0.008859048,-0.009744107,-0.012365928,-0.016901401
285.6,2256.607685,2.557,4055.672353,-0.006207408,-0.005419811,-0.003466912,-0.001731272
285.75,2262.302383,2.5719,4118.362383,0.010574282,0.010683869,0.011503378,0.015123754
285.9,2281.778709,2.6173,4107.816712,0.007467059,0.005973126,0.001805275,-0.004291037
286.05,2280.924942,2.6533,4119.308583,0.00822709,0.007794262,0.006703386,0.005648402
286.21,2270.221957,2.6857,4119.141575,0.006048281,0.005933873,0.005619464,0.005181609
286.36,2272.422277,2.6946,4160.46737,0.006645402,0.006794128,0.007534706,0.010144312
286.51,2288.116508,2.6965,4166.040212,0.001021722,0.000489701,-0.00092105,-0.002644054
286.66,2329.562825,2.6784,4217.809451,0.002807431,0.002065044,0.00044533,0.000199883
286.82,2322.993674,2.6711,4244.947983,0.001842214,0.002416133,0.004196796,0.007642573
286.97,2304.37741,2.6709,4235.039113,-0.00120594,-0.000643452,0.000815802,0.002445338
287.12,2296.218171,2.6788,4189.690722,-0.003906084,-0.00412438,-0.005064027,-0.007954587
287.27,2280.242388,2.6792,4159.218373,-0.003575206,-0.003281164,-0.002713468,-0.003043603
287.43,2284.172662,2.679,4154.003407,-0.000664636,-0.000845416,-0.00138028,-0.00230442
287.58,2278.197175,2.6741,4182.159959,0.002462289,0.002992691,0.00466604,0.008020673
287.73,2296.218171,2.6804,4158.140296,-0.001703377,-0.002631181,-0.00535322,-0.009950439
287.88,2302.114804,2.6807,4148.519164,-0.001102285,-0.001399624,-0.00228744,-0.003856318
288.04,2365.357753,2.6808,4191.995599,0.005231331,0.003343502,-0.001483697,-0.006472558
288.19,2388.527545,2.6712,4287.7038,0.009493215,0.009641011,0.010822004,0.016204199
288.34,2455.688044,2.671,4397.951086,0.012655599,0.011259192,0.00830642,0.008492296
288.49,2455.688044,2.6675,4397.951086,-0.000655615,-0.000600841,-0.000451198,-0.000246792
288.65,2438.790206,2.664,4389.274502,-0.001643883,-0.001084764,0.000377272,0.002066735
288.8,2445.050537,2.659,4356.962134,-0.004633735,-0.005031523,-0.006355746,-0.009279948
288.95,2428.491754,2.6735,4342.127757,0.0010139,0.001233972,0.001723598,0.001867148
289.1,2408.153591,2.678,4314.835787,-0.002311723,-0.001904948,-0.000998365,-0.000720714
289.26,2408.534176,2.6816,4261.804555,-0.005511548,-0.006018889,-0.007797456,-0.012061954
289.41,2426.94482,2.663,4253.062819,-0.004506776,-0.004936594,-0.006178989,-0.00819638
289.56,2422.893482,2.6581,4324.631101,0.007422729,0.008258608,0.011110139,0.01773934
289.71,2423.086096,2.6513,4333.361767,-0.000272354,-9.88E-05,0.000441778,0.001494269
289.86,2412.346656,2.6427,4277.534523,-0.008107721,-0.00805922,-0.008338271,-0.010641715
290.02,2407.773126,2.6338,4276.094276,-0.001855102,-0.001561805,-0.000771653,0.000255188
290.17,2407.963343,2.6369,4284.810571,0.001606307,0.001622892,0.001735098,0.002205576
290.32,2396.414812,2.6491,4329.668456,0.007515159,0.008103748,0.010060378,0.014400776
290.47,2389.463782,2.6625,4332.499431,0.002849599,0.002904103,0.003074235,0.00340729
290.63,2442.894927,2.672,4334.101186,0.001965679,1.30E-05,-0.005322317,-0.012596067
290.78,2442.894927,2.6724,4334.101186,7.48447E-05,6.85E-05,5.11E-05,2.73E-05
290.93,2450.751789,2.6645,4325.367543,-0.002488822,-0.002708842,-0.003375806,-0.004597658
291.08,2453.513644,2.6445,4379.562044,0.002458595,0.00313882,0.005416635,0.010538373
291.24,2449.373192,2.6383,4392.120697,0.000258107,0.000601864,0.001635178,0.003493689
291.39,2451.343092,2.6384,4396.555455,0.00052355,0.000491221,0.000435952,0.000517057
291.54,2466.81774,2.6432,4365.261228,-0.002662853,-0.003518679,-0.006087439,-0.01067853
291.69,2483.905142,2.6424,4450.609623,0.00952988,0.009659963,0.010677523,0.015266458
291.85,2498.360656,2.642,4455.293585,0.000450245,8.74E-06,-0.00116385,-0.002605289
292,2535.77371,2.6448,4517.76424,0.007491619,0.006693333,0.004977204,0.004872327
292.15,2535.77371,2.6557,4517.76424,0.00205641,0.001882854,0.001408661,0.000760796
292.3,2530.720691,2.6644,4448.920611,-0.006042481,-0.006554562,-0.008437583,-0.013266117
292.46,2469.415863,2.67,4400.046195,-0.004473414,-0.002854168,0.001202538,0.005044536
292.61,2418.663704,2.6812,4373.780278,-0.000900684,0.000444501,0.003916242,0.007714978
292.76,2377.535101,2.6851,4342.437065,-0.002869215,-0.001791074,0.000916455,0.003505509
292.91,2342.813221,2.6943,4309.771927,-0.002065138,-0.001298095,0.000550301,0.001920101
293.07,2317.165881,2.691,4272.797365,-0.004920866,-0.004311778,-0.002926443,-0.002338181
293.22,2293.971551,2.6954,4227.755045,-0.004481899,-0.004133509,-0.003521665,-0.004275325
293.37,2289.491474,2.6893,4244.534187,0.000847636,0.001233889,0.002419767,0.004660421
293.52,2329.206786,2.6744,4240.813657,-0.003216394,-0.004383387,-0.007606604,-0.012166914
293.67,2323.524928,2.658,4266.995184,1.81432E-06,0.000670114,0.002699868,0.006444015
293.83,2379.20537,2.6495,4265.97993,-0.001720487,-0.003504779,-0.008400237,-0.015168955
293.98,2405.30303,2.6565,4303.62589,0.005712191,0.005006875,0.00337005,0.002523812
294.13,2428.298279,2.667,4332.129964,0.005273056,0.004546909,0.002779724,0.001401534
294.28,2436.450839,2.6725,4341.447434,0.002104293,0.001812305,0.001084845,0.000424801
294.44,2456.479691,2.6606,4353.228502,-0.000876375,-0.001284164,-0.002310677,-0.003295488
294.59,2469.215813,2.6418,4340.272833,-0.005035808,-0.005282277,-0.006052967,-0.007564372
294.74,2494.67998,2.6221,4325.551692,-0.005441196,-0.006132339,-0.008133231,-0.01139503
294.89,2494.67998,2.6164,4325.551692,-0.001088098,-0.000991107,-0.000726131,-0.000364197
295.05,2523.178808,2.6242,4249.20885,-0.007414923,-0.009191772,-0.014607661,-0.024612039
295.2,2525.060061,2.6357,4267.891398,0.004379866,0.004261197,0.004081854,0.004525548
295.35,2443.678345,2.6414,4316.913577,0.00679044,0.01013102,0.019607657,0.034269321
295.5,2443.678345,2.6408,4316.913577,-0.000113589,-0.000103836,-7.72E-05,-4.08E-05
295.66,2376.608187,2.6438,4314.713626,0.000312816,0.002604304,0.008828042,0.017181819
295.81,2363.523573,2.633,4326.411265,-0.00069298,1.86E-05,0.002050956,0.005246978
295.96,2342.633157,2.6147,4305.267172,-0.005936784,-0.005125658,-0.003070107,-0.00101477
296.11,2332.593556,2.5925,4306.66629,-0.004100868,-0.003410736,-0.001515353,0.001121808
296.27,2397.168698,2.5944,4335.7658,0.003733354,0.001773332,-0.003375528,-0.009404018
296.42,2521.926196,2.6013,4391.804271,0.007748811,0.003853281,-0.006424877,-0.018628047
296.57,2558.764271,2.622,4458.682582,0.011519123,0.010431543,0.007965723,0.007036813
296.72,2566.736842,2.6391,4458.878259,0.003272214,0.002712292,0.001183517,-0.00089959
296.88,2557.905337,2.6502,4498.760184,0.006550796,0.006992693,0.008497105,0.011971227
297.03,2544.877682,2.6519,4501.683701,0.000645447,0.001082267,0.002296262,0.004052928
297.18,2534.29783,2.6505,4426.050969,-0.008735672,-0.008954309,-0.010084053,-0.014105202
297.33,2521.508934,2.6555,4483.605713,0.007402101,0.008232911,0.010937752,0.016719342
297.48,2447.013487,2.6561,4492.328553,0.001084763,0.003650799,0.010702149,0.020557742
297.64,2403.595931,2.6562,4484.859186,-0.000813214,0.000536684,0.004163184,0.008836243
297.79,2398.111723,2.6627,4535.444319,0.00682993,0.007318969,0.00903166,0.013173989
297.94,2382.180539,2.669,4498.693785,-0.002886364,-0.002766761,-0.002701708,-0.003840338
298.09,2333.307816,2.6774,4321.749117,-0.018490178,-0.018446671,-0.01952925,-0.026477022
298.25,2322.462664,2.6847,4263.115935,-0.005468475,-0.005695025,-0.006746627,-0.01020296
298.4,2310.841547,2.688,4206.923204,-0.006020102,-0.006140612,-0.006890636,-0.009880136
298.55,2303.68075,2.6886,4167.236335,-0.004627614,-0.004722917,-0.00528643,-0.007477111
298.7,2336.169234,2.6857,4190.381919,0.002229798,0.001319609,-0.000988409,-0.003284787
298.86,2408.914882,2.6774,4269.744768,0.007833312,0.006058277,0.001826054,-0.000944587
299.01,2557.905337,2.6632,4598.464161,0.034411683,0.032255844,0.029175034,0.039646594
299.16,2702.606845,2.6605,4930.363469,0.034324515,0.032379407,0.02968802,0.039613451
299.31,2814.404432,2.6756,5148.039928,0.024426597,0.022496577,0.018749836,0.021271219
299.47,2892.663946,2.7062,5396.791671,0.029271825,0.02837413,0.027632872,0.035186527
299.62,2944.358578,2.7311,5593.584262,0.022483537,0.022092146,0.022292621,0.028824893
299.77,2904.240114,2.7323,5609.953618,0.001680731,0.002781208,0.005880142,0.010556916
299.92,2921.499089,2.7285,5597.693339,-0.001789788,-0.002244943,-0.00356025,-0.005695168
300.08,2924.863257,2.7187,5575.779749,-0.003760292,-0.003853241,-0.004234247,-0.005353615
300.23,2926.267281,2.733,5503.791983,-0.003874373,-0.004563184,-0.006856916,-0.011914507
300.38,2995.577396,2.7431,5492.58465,0.000825196,-0.001180689,-0.006739409,-0.014687018
300.53,3030.724868,2.7559,5618.847473,0.01369066,0.013406454,0.013411584,0.017211745
300.69,3034.949716,2.7584,5597.796143,-0.001423429,-0.001701642,-0.002583396,-0.004361381
300.84,2978.01661,2.7436,5412.412324,-0.019526495,-0.019002419,-0.018595436,-0.022728467
300.99,2882.269504,2.7249,5188.968335,-0.024494696,-0.023052728,-0.020385877,-0.022506674
301.14,2817.005545,2.7079,4997.54058,-0.021920135,-0.02108363,-0.019935685,-0.02354986
301.29,2725.321888,2.6998,4771.521157,-0.024633257,-0.023311795,-0.021085418,-0.024291677
301.45,2705.965909,2.6783,4643.934546,-0.017547507,-0.017521643,-0.018283501,-0.02316145
301.6,2713.192095,2.6559,4598.672299,-0.009096261,-0.009304961,-0.010188064,-0.012860875
301.75,2647.671994,2.6495,4705.664397,0.010292989,0.013506389,0.023059882,0.039886895
301.9,2708.370357,2.657,4739.91136,0.00503905,0.003238937,-0.001452101,-0.006759665
302.06,2780.514505,2.6613,4742.41882,0.001072964,-0.001305582,-0.007806372,-0.016673459
302.21,2815.444301,2.6543,4941.554125,0.019247032,0.019755204,0.022625939,0.033890161
302.36,2838.517415,2.6499,5120.623614,0.016967015,0.0176542,0.020799085,0.031329266
302.51,2835.348837,2.6576,5171.448447,0.006388982,0.006719767,0.007954121,0.01122068
302.67,2854.467129,2.6804,5341.183892,0.02041571,0.020729125,0.022725942,0.031042657
302.82,2893.762461,2.6976,5459.430414,0.014145849,0.013652706,0.013055706,0.015880102
302.97,2926.548248,2.7041,5553.328718,0.009729545,0.009409629,0.009113753,0.011498405
303.12,2922.339406,2.7041,5477.482658,-0.006875837,-0.007255267,-0.008726945,-0.012768556
303.28,2898.71612,2.7143,5426.287586,-0.002812722,-0.002673482,-0.002594533,-0.0038986
303.43,2846.469929,2.7259,5212.12743,-0.017999331,-0.018168683,-0.019834786,-0.027590163
303.58,2686.409307,2.7293,4896.857528,-0.030564433,-0.028209408,-0.023607118,-0.02544625
303.73,2628.492584,2.7198,4709.590692,-0.021236554,-0.020698719,-0.020402885,-0.025342272
303.89,2520.257979,2.6997,4570.880134,-0.018654295,-0.015941351,-0.00948278,-0.004992283
304.04,2440.547682,2.6721,4311.234954,-0.03436514,-0.033338562,-0.032225511,-0.038275303
304.19,2384.976526,2.6464,4179.120849,-0.020391147,-0.019098509,-0.016526837,-0.017407047
304.34,2402.45921,2.6326,4159.6157,-0.004953202,-0.005531779,-0.007264972,-0.010349408
304.5,2359.498374,2.6241,4133.273667,-0.00479342,-0.003275273,0.000658316,0.005037258
304.65,2298.469195,2.6165,4048.615262,-0.011797088,-0.010135507,-0.006258416,-0.004012553
304.8,2166.465278,2.6019,4016.86874,-0.006733815,-0.001802923,0.011325709,0.027768866
304.95,2166.465278,2.5904,4016.86874,-0.002214818,-0.002042161,-0.001570488,-0.000926295
305.1,2200.086618,2.5933,3986.293845,-0.003260913,-0.004785652,-0.009201883,-0.016404127
305.26,2180.101566,2.6076,3975.583033,0.001404267,0.001825001,0.002885267,0.003914729
305.41,2238.378497,2.6267,4077.264701,0.016275054,0.014760748,0.011482865,0.011208286
305.56,2369.218811,2.6271,4105.492848,0.003525845,-0.000941173,-0.012998017,-0.028661171
305.71,2426.365228,2.617,4182.619077,0.007379804,0.0060829,0.003159746,0.002179001
305.87,2408.914882,2.6034,4243.765925,0.004651517,0.006064589,0.010414611,0.018710083
306.02,2422.700898,2.5992,4237.099644,-0.001593325,-0.00207398,-0.00343918,-0.005548895
306.17,2442.307692,2.5997,4240.459661,0.000492517,-0.000196107,-0.002053326,-0.004473724
306.32,2444.070243,2.6001,4224.766446,-0.001776919,-0.001980471,-0.002656739,-0.004146992
306.48,2459.056071,2.6031,4303.322086,0.009787917,0.009861159,0.010689907,0.014855832
306.63,2567.385445,2.6131,4354.907844,0.007875017,0.004296013,-0.005136723,-0.01629753
306.78,2566.088567,2.6341,4378.240947,0.006673849,0.006541313,0.006356075,0.006944566
306.93,2466.21895,2.6464,4358.644359,8.63535E-05,0.00329978,0.011889052,0.022782454
307.09,2455.490212,2.6468,4347.95013,-0.001152722,-0.000873909,-0.000192516,0.000359678
307.24,2472.019465,2.6356,4219.91167,-0.017063747,-0.018496685,-0.02332214,-0.034100876
307.39,2415.213946,2.63,4189.748313,-0.00465024,-0.002692022,0.002411185,0.008243233
307.54,2419.047619,2.633,4178.146975,-0.000816394,-0.0011077,-0.001993695,-0.003629203
307.7,2390.400753,2.6406,4236.157438,0.008335325,0.009772166,0.014159569,0.022374271
307.85,2442.11201,2.6554,4198.057985,-0.001722709,-0.004125239,-0.010990764,-0.021767304
308,2390.775747,2.6726,4192.341549,0.002546927,0.004112697,0.008333773,0.013846628
308.15,2418.08806,2.6801,4106.267177,-0.008971113,-0.010816007,-0.016505057,-0.027280293
308.31,2337.244076,2.6795,4096.00344,-0.001363277,0.001669581,0.009839406,0.020494913
308.46,2313.472486,2.6721,4126.05588,0.002272346,0.00354531,0.007263218,0.013490659
308.61,2278.367469,2.6652,4088.037661,-0.005921166,-0.004862182,-0.002271064,-0.000140162
308.76,2313.648095,2.6558,4025.728739,-0.009445865,-0.011129206,-0.01621749,-0.025442162
308.91,2290.179578,2.6453,4026.473269,-0.001888258,-0.000807903,0.002146531,0.0062001
309.07,2318.399635,2.6422,4095.508109,0.007913505,0.007518149,0.00701304,0.009097885
309.22,2402.45921,2.6348,4085.736116,-0.002596746,-0.005669805,-0.014177142,-0.026283015
309.37,2341.553353,2.6187,4102.1776,-0.001056611,0.001724942,0.009435522,0.02052421
309.52,2371.061844,2.6034,4110.919292,-0.001865502,-0.002633014,-0.004663937,-0.007120813
309.68,2381.994373,2.6004,4151.683557,0.004357097,0.00435554,0.004681067,0.006702803
309.83,2422.508345,2.6049,4186.238154,0.005008755,0.003733924,0.000519044,-0.002582699
309.98,2550.200803,2.6087,4221.899023,0.004970081,0.000498419,-0.011516748,-0.026867331
310.13,2544.452792,2.6071,4250.216136,0.003035633,0.003527727,0.005094047,0.008291048
310.29,2450.554752,2.6138,4230.747876,-0.001012224,0.00225178,0.010976616,0.022041334
310.44,2422.700898,2.6173,4295.740903,0.008291517,0.009809763,0.014470803,0.023308789
310.59,2452.32923,2.6172,4217.984556,-0.00915216,-0.010835057,-0.016007982,-0.025743221
310.74,2329.740885,2.6085,4147.220899,-0.010123991,-0.006030117,0.0045502,0.016281699
310.9,2345.337027,2.6028,4144.063303,-0.00147461,-0.001975417,-0.00336959,-0.005395418
311.05,2341.553353,2.6061,4132.48912,-0.0007649,-0.000780914,-0.000915549,-0.001528268
311.2,2251.107829,2.6108,4079.938962,-0.005497971,-0.002701394,0.004494286,0.012294665
311.35,2262.806236,2.6187,4032.7062,-0.004311493,-0.00527128,-0.008264364,-0.014087115
311.51,2281.94954,2.6265,4002.994366,-0.002210417,-0.003312545,-0.006563063,-0.012125521
311.66,2303.68075,2.6426,3983.584703,0.00062527,-0.000642752,-0.004266971,-0.009966912
311.81,2403.216905,2.65,4115.081883,0.017634671,0.014854072,0.008349441,0.004891832
311.96,2396.980182,2.6496,4107.705992,-0.000972483,-0.000792665,-0.000359993,-4.55E-05
312.12,2422.508345,2.6398,4125.944175,0.000362318,-0.000280202,-0.001892374,-0.00341016
312.27,2429.653248,2.6223,4225.762176,0.008626484,0.009541753,0.012870251,0.021434413
312.42,2387.031091,2.61,4251.935551,0.000736544,0.002723372,0.008346878,0.016971486
312.57,2388.153256,2.5973,4209.944751,-0.007401143,-0.007587343,-0.00841291,-0.011025477
312.72,2425.399857,2.6063,4183.135705,-0.001464621,-0.003184889,-0.008097145,-0.015797282
312.88,2410.2483,2.6195,4204.137931,0.005029956,0.005545932,0.007120314,0.010055365
313.03,2407.202654,2.6351,4222.776392,0.005180571,0.005190009,0.005361894,0.00629117
313.18,2425.978988,2.6438,4216.934145,0.000955839,8.40E-05,-0.002344979,-0.005882378
313.33,2463.229352,2.6484,4312.454902,0.012068101,0.011454132,0.01054294,0.013019735
313.49,2526.106415,2.6473,4341.632955,0.003163878,0.001197044,-0.003970486,-0.010025468
313.64,2530.090479,2.6506,4367.575623,0.003601645,0.003617348,0.003857744,0.005126448
313.79,2526.315789,2.6534,4366.074114,0.000355981,0.000430328,0.000622158,0.000830868
313.94,2486.94517,2.6609,4314.163989,-0.004569017,-0.003720565,-0.001789211,-0.00095149
314.1,2476.639311,2.6575,4334.101186,0.001666053,0.002258403,0.004028608,0.00716948
314.25,2483.702738,2.6521,4300.83251,-0.004869807,-0.005304684,-0.006740269,-0.009863313
314.4,2483.702738,2.6546,4300.83251,0.000471103,0.000429007,0.000313999,0.000156889
314.55,2493.455497,2.6665,4267.652371,-0.001635981,-0.002462181,-0.004968502,-0.009561142
314.71,2494.884178,2.672,4299.983071,0.004803818,0.004930329,0.0055272,0.007540593
314.86,2511.742892,2.6706,4241.757936,-0.007078574,-0.008146503,-0.011496712,-0.018091419
315.01,2520.466386,2.6654,4238.985314,-0.001301444,-0.001559614,-0.002286626,-0.003381885
315.16,2509.468138,2.6698,4269.385926,0.004397722,0.00499152,0.006850899,0.010521576
315.32,2516.928159,2.671,4248.024418,-0.002283297,-0.002758328,-0.004218429,-0.006976776
315.47,2526.734643,2.6676,4283.365421,0.003505605,0.003499151,0.003757393,0.005427202
315.62,2530.720691,2.657,4278.795536,-0.002524488,-0.00252421,-0.002558321,-0.002769697
315.77,2526.944122,2.6498,4303.504363,0.001522301,0.00199741,0.003486188,0.006427988
315.93,2522.343595,2.6419,4320.095246,0.00043099,0.000875894,0.002218197,0.004654409
316.08,2506.578947,2.6385,4315.446694,-0.001182195,-0.000590833,0.000988462,0.002975635
316.23,2495.905667,2.6321,4328.746112,0.000324255,0.000929949,0.002685459,0.005562456
316.38,2481.074481,2.6316,4320.707643,-0.001024352,-0.000552984,0.000673306,0.002059196
316.53,2475.231444,2.6385,4280.478043,-0.003367963,-0.003608024,-0.004563051,-0.007270252
316.69,2472.621076,2.6521,4263.712283,0.000608359,0.000332289,-0.000549088,-0.002352338
316.84,2473.825177,2.663,4262.221725,0.001875935,0.001634771,0.000964427,-5.47E-06
316.99,2473.22298,2.6733,4234.039007,-0.001386906,-0.001775586,-0.003050962,-0.005796733
317.14,2477.444526,2.6708,4218.27643,-0.002332686,-0.002579322,-0.003374065,-0.005029707
317.3,2457.073761,2.6763,4200.314197,-0.001105046,-0.000592376,0.000668233,0.001732706
317.45,2452.526553,2.6716,4207.387775,-3.75285E-05,0.000273306,0.001177623,0.002674297
317.6,2471.217772,2.6734,4219.677987,0.001795184,0.001176026,-0.000421287,-0.002153699
317.75,2471.217772,2.6662,4219.677987,-0.001348416,-0.001224471,-0.00088586,-0.000423355
317.91,2467.61658,2.6609,4335.642452,0.012559917,0.01378721,0.018086583,0.028567452
318.06,2470.216387,2.6564,4374.659127,0.003633091,0.003939813,0.005077051,0.008059631
318.21,2495.292673,2.6548,4412.339495,0.00398695,0.003456432,0.002290552,0.002054847
318.36,2514.644006,2.6565,4393.893526,-0.001774578,-0.002616042,-0.005052155,-0.009024357
318.52,2523.178808,2.6501,4410.105044,0.000635337,0.000576058,0.000535292,0.001055522
318.67,2527.153636,2.655,4390.349298,-0.001321218,-0.001700765,-0.002883,-0.005182314
318.82,2529.880478,2.6561,4380.820973,-0.00087921,-0.001071198,-0.001666412,-0.002813248
318.97,2530.090479,2.6722,4386.62138,0.003683179,0.003453435,0.002869086,0.002276233
319.13,2529.460581,2.6805,4391.804271,0.00214103,0.00206747,0.001905201,0.001866895
319.28,2530.090479,2.6877,4404.624277,0.002798637,0.002762279,0.002758892,0.003209636
319.43,2532.823666,2.6853,4451.064575,0.004797454,0.005122211,0.006361113,0.009735437
319.58,2535.77371,2.6797,4440.171314,-0.002268968,-0.002367188,-0.002715196,-0.003566622
319.74,2537.673799,2.6766,4445.092606,-2.48865E-05,2.26E-08,0.000104374,0.000418889
319.89,2539.576737,2.6799,4466.06494,0.002969561,0.003020113,0.003313834,0.004454973
320.04,2539.788351,2.6938,4462.207387,0.002154614,0.001892363,0.00114764,-3.13E-06
320.19,2530.090479,2.699,4455.228462,0.000181633,0.000373317,0.000845667,0.001248769
320.34,2532.823666,2.6969,4438.619484,-0.002256651,-0.002449911,-0.003098947,-0.004556155
320.5,2537.462537,2.6829,4394.336957,-0.007615558,-0.007904353,-0.009013429,-0.012028162
320.65,2538.096428,2.6783,4389.780223,-0.001376763,-0.00135962,-0.001346622,-0.001488819
320.8,2539.365159,2.6763,4368.577203,-0.002794398,-0.002978629,-0.003638419,-0.00527655
320.95,2540.846949,2.6752,4377.549262,0.000820283,0.000859876,0.001035444,0.001594866
321.11,2540.211684,2.6786,4371.898219,-1.08113E-05,-9.19E-05,-0.000355441,-0.00091445
321.26,2540.211684,2.6785,4371.898219,-1.86668E-05,-1.70E-05,-1.24E-05,-6.06E-06
321.41,2538.730635,2.6761,4373.278237,-0.000290409,-0.000185782,0.000110377,0.000563765
321.56,2534.08713,2.6684,4388.263411,0.000269603,0.000688178,0.00194435,0.004195205
321.72,2529.460581,2.6656,4358.457381,-0.003932608,-0.003965419,-0.004274368,-0.005727071
321.87,2526.106415,2.6639,4368.827669,0.000869282,0.001103289,0.001820689,0.003171114
322.02,2527.153636,2.6583,4405.515567,0.003129087,0.003489125,0.004751717,0.007807732
322.17,2529.670512,2.658,4475.179492,0.007787996,0.008277932,0.01014917,0.015267257
322.33,2531.982057,2.6537,4430.039388,-0.005878459,-0.006247381,-0.007578778,-0.010913056
322.48,2535.14098,2.6527,4497.432568,0.007360525,0.007818667,0.009582233,0.014451627
322.63,2539.365159,2.6519,4487.500368,-0.001256241,-0.001464434,-0.002105194,-0.003320188
322.78,2551.481668,2.6622,4511.478516,0.004602757,0.004219668,0.003348774,0.002996201
322.94,2558.120017,2.6737,4465.279812,-0.0029913,-0.0037643,-0.006204732,-0.011077107
323.09,2577.371892,2.6737,4449.310269,-0.001791394,-0.002581096,-0.004856284,-0.008517184
323.24,2579.116602,2.6628,4415.919331,-0.005808998,-0.005954422,-0.006593606,-0.008602846
323.39,2521.717548,2.6534,4417.839491,-0.001550815,0.000663373,0.006711337,0.014986649
323.55,2583.488727,2.6501,4422.326364,-0.000114675,-0.002159912,-0.007730622,-0.015239716
323.7,2534.29783,2.6493,4424.123666,5.2206E-05,0.001823501,0.00666506,0.013303344
323.85,2541.482531,2.6549,4431.585222,0.001898336,0.001616924,0.000903139,0.000189375
324,2549.347608,2.6689,4449.505124,0.004647435,0.004288676,0.003441325,0.002915403
324.15,2557.261515,2.6877,4488.557712,0.007878813,0.007614002,0.007181796,0.00798278
324.31,2626.906834,2.7018,4451.129576,-0.001570558,-0.004459994,-0.012642891,-0.025149647
324.46,2538.519197,2.7003,4391.171555,-0.007058473,-0.004365846,0.002526493,0.009817077
324.61,2537.885096,2.696,4496.30471,0.011032622,0.011997508,0.015452701,0.024145572
324.76,2514.851485,2.6806,4502.282161,-0.002200002,-0.001132391,0.001825404,0.006063753
324.92,2514.851485,2.67,4502.282161,-0.001981086,-0.001815431,-0.001362881,-0.000744785
325.07,2484.917659,2.6561,4532.072442,0.000687661,0.002139954,0.00632266,0.013065931
325.22,2559.193955,2.651,4565.471376,0.002710236,0.000647291,-0.004765667,-0.011068931
325.37,2568.034375,2.6448,4571.565701,-0.000503748,-0.000648053,-0.000998823,-0.001271664
325.53,2535.562765,2.6423,4489.284925,-0.009553719,-0.009083493,-0.008371551,-0.010057146
325.68,2496.314496,2.6465,4477.085781,-0.000566414,0.000592035,0.003662393,0.007418032
325.83,2393.967955,2.6631,4477.414616,0.003163135,0.006322711,0.014915554,0.026520988
325.98,2497.132558,2.6786,4431.842966,-0.002213424,-0.00609491,-0.017065537,-0.03371304
326.14,2426.94482,2.6864,4377.109212,-0.004759599,-0.002930391,0.00165276,0.006001305
326.29,2472.420506,2.6827,4301.92514,-0.009351796,-0.011447752,-0.017725268,-0.028854765
326.44,2352.396388,2.6708,4317.769719,-0.000384663,0.004248716,0.016959202,0.034658565
326.59,2382.180539,2.6562,4255.081528,-0.010052962,-0.01135852,-0.015390194,-0.023061787
326.75,2360.960496,2.6504,4247.373262,-0.00199957,-0.001224335,0.000832481,0.00335609
326.9,2340.834037,2.6533,4272.617679,0.003509745,0.004384445,0.006968867,0.01142836
327.05,2377.720571,2.6668,4336.629437,0.009972591,0.009044327,0.007005786,0.006620989
327.2,2535.351855,2.6856,4363.698836,0.006623678,0.001241512,-0.013363562,-0.032702743
327.36,2663.869953,2.7046,4576.782738,0.027356222,0.024268186,0.017501113,0.016705536
327.51,2798.127238,2.7028,4808.329389,0.024339021,0.021673919,0.01613503,0.017391559
327.66,2962.962963,2.6955,5053.385503,0.023497751,0.020172317,0.012815499,0.011560533
327.81,3043.13099,2.6888,5441.78822,0.035765034,0.036269643,0.040534858,0.061298461
327.96,2837.460436,2.7047,5443.343156,0.003090841,0.008521568,0.023251568,0.043018459
328.12,2702.367231,2.7183,5153.349339,-0.024860316,-0.023429961,-0.02113773,-0.025237313
328.27,2579.553148,2.7336,5153.349339,0.002806361,0.005946389,0.014483919,0.026006933
328.42,2467.416822,2.7373,5011.509372,-0.013277773,-0.011379762,-0.00707908,-0.00524128
328.57,2364.623739,2.7317,4312.821021,-0.075949871,-0.077774798,-0.086273902,-0.112679445
328.73,2394.720302,2.7113,4457.052613,0.012699106,0.013199262,0.01572741,0.024879893
328.88,2305.074491,2.6913,4376.543564,-0.01281545,-0.010273434,-0.00393035,0.001978241
329.03,2328.317164,2.6628,4193.610523,-0.026665356,-0.028482593,-0.034709238,-0.048951539
329.18,2484.107579,2.6405,4341.138267,0.013081562,0.009199562,-0.000290557,-0.00762363
329.34,2719.000892,2.627,4606.317062,0.027076513,0.02130575,0.007517616,-0.000935411
329.49,2682.154171,2.6344,4835.332191,0.025661434,0.02862934,0.038515136,0.06089353
329.64,2836.668218,2.6526,5174.43341,0.037315093,0.034907341,0.030859669,0.038435053
329.79,2950.058072,2.6779,5444.315442,0.030158248,0.02848882,0.025769195,0.031344034
329.95,3299.486891,2.7104,5646.117368,0.024224965,0.015832158,-0.006143139,-0.031001743
330.1,3225.806452,2.7383,5855.570284,0.023328937,0.026262614,0.035561614,0.054596408
330.25,3155.312167,2.7531,5662.480493,-0.014069616,-0.01367229,-0.013609979,-0.018205275
330.4,3487.294486,2.755,5716.214696,0.00506729,-0.003320363,-0.026197504,-0.056920536
330.56,3488.33217,2.7622,5965.942454,0.02268123,0.02412838,0.029633364,0.044843208
330.71,3830.733847,2.7591,6362.592631,0.031612451,0.025196777,0.009821803,0.000227731
330.86,3490.449361,2.7404,5625.380654,-0.064882706,-0.059730419,-0.048936144,-0.048065397
331.01,3513.180189,2.718,5551.002568,-0.010758406,-0.011477677,-0.013865312,-0.019099427
331.17,3536.209017,2.7059,5467.068446,-0.00984856,-0.010850435,-0.014069155,-0.020709605
331.32,3559.500175,2.7144,5025.88794,-0.040479886,-0.044150753,-0.056435391,-0.083134668
331.47,3296.596329,2.7202,5304.282756,0.028016112,0.039913149,0.074005796,0.128947032
331.62,3261.672142,2.7089,4640.823411,-0.068783968,-0.071629186,-0.082617518,-0.111308948
331.77,3261.672142,2.6023,4640.823411,-0.020070794,-0.017396072,-0.010092633,-0.000129961
331.93,3111.474071,2.3388,4593.336046,-0.058454751,-0.045395581,-0.010301955,0.035195743
332.08,2974.52913,2.1472,4546.810669,-0.047790488,-0.037327702,-0.009245927,0.026974603
332.23,2933.58999,2.1411,5148.213833,0.060615018,0.067443724,0.09160744,0.155200896
332.38,2764.62585,2.3953,5316.773653,0.072077594,0.073398793,0.078052935,0.089590027
332.54,2777.727148,2.5768,5496.844004,0.053123583,0.0513763,0.047770134,0.048585538
332.69,2749.16569,2.6123,5462.855095,0.00374008,0.003754214,0.003591277,0.002422492
332.84,2705.965909,2.5214,5510.757548,-0.013342319,-0.01075917,-0.003418677,0.00797415
332.99,2641.476731,2.4678,5306.037184,-0.029663332,-0.028736242,-0.027345504,-0.030648555
333.15,2658.989793,2.4915,5179.709406,-0.007269089,-0.008869669,-0.013987138,-0.024418999
333.3,2675.092154,2.5473,5108.865088,0.004188657,0.002492314,-0.002579711,-0.011547917
333.45,2566.520714,2.5866,5122.775173,0.009014422,0.011529752,0.018459313,0.028238947
333.6,2628.039317,2.6109,5204.295935,0.012568751,0.011217879,0.0080525,0.006271884
333.76,2585.022475,2.6312,5213.821416,0.004786796,0.005705983,0.008272774,0.01204799
333.91,2569.116655,2.644,5192.681182,0.000395006,0.000495196,0.000636799,0.000208216
334.06,2543.603438,2.6513,5163.651149,-0.001424544,-0.001063816,-0.000260672,-1.98E-05
334.21,2536.617843,2.6481,5108.865088,-0.005937089,-0.006097845,-0.006877088,-0.009533759
334.37,2544.66522,2.6588,5059.173071,-0.002870865,-0.003560853,-0.005758288,-0.010223608
334.52,2553.405378,2.662,5103.134208,0.004927302,0.004967167,0.005364674,0.007285729
334.67,2548.921224,2.6579,5140.573086,0.002884134,0.003318105,0.004746883,0.007857863
334.82,2627.133253,2.6406,5127.773759,-0.00451154,-0.006408129,-0.011685683,-0.019328
334.98,2607.579776,2.6314,4965.382422,-0.01783382,-0.018303746,-0.020563304,-0.028127866
335.13,2607.579776,2.638,4965.382422,0.001252515,0.001159963,0.000907097,0.000561636
335.28,2606.019152,2.6382,4826.450469,-0.014150656,-0.01509746,-0.018551213,-0.027262888
335.43,2615.186615,2.6073,4685.266313,-0.020732134,-0.021578843,-0.024796414,-0.033351883
335.58,2617.881989,2.5575,4600.54639,-0.01876413,-0.018686764,-0.019046957,-0.022195793
335.74,2573.454914,2.5317,4506.409214,-0.015405595,-0.014216973,-0.011621834,-0.011091242
335.89,2654.589793,2.5594,4588.841047,0.014503326,0.011942883,0.005536233,-0.000335666
336.04,2755.129712,2.6185,4605.064362,0.013178201,0.008902024,-0.002712668,-0.018191762
336.19,2866.277976,2.6633,4861.011435,0.035512163,0.032904867,0.027739201,0.030622984
336.35,2991.46138,2.6901,5114.179768,0.030382102,0.027785775,0.022506878,0.024480221
336.5,3033.43949,2.7198,5364.591584,0.029383139,0.029402271,0.031204173,0.042406481
336.65,3123.5909,2.7545,5537.388271,0.022186509,0.020280008,0.01616406,0.015930633
336.8,3089.554508,2.7751,5497.538012,0.000114122,0.000468388,0.001201442,0.001102572
336.96,3089.554508,2.785,5497.538012,0.001780544,0.001629891,0.00121828,0.000655928
337.11,2964.980545,2.7759,5268.525401,-0.022907341,-0.020810088,-0.016379491,-0.016191645
337.26,2917.863297,2.7774,5104.843572,-0.015508999,-0.015277918,-0.015610353,-0.020484584
337.41,2888.004548,2.757,5077.79962,-0.006341862,-0.005311985,-0.002673196,0.00011293
337.57,2886.636992,2.743,5018.192595,-0.008449356,-0.008606158,-0.009409875,-0.01226335
337.72,2905.347441,2.7081,5077.545853,-0.000523356,-0.000102767,0.001440817,0.005439659
337.87,2942.368955,2.6941,5155.877328,0.005063038,0.004731505,0.004340916,0.006289241
338.02,2966.423358,2.6931,5292.769327,0.012915816,0.013186378,0.014836741,0.021526352
338.18,2996.755481,2.7211,5438.778059,0.018775827,0.018486734,0.018643865,0.023476062
338.33,3048.701201,2.7332,5462.169815,0.004364258,0.002929514,-0.00085628,-0.005380455
338.48,3034.647551,2.7244,5657.01559,0.015911405,0.017737162,0.023971955,0.03861406
338.63,3034.647551,2.7085,5657.01559,-0.002926614,-0.00270091,-0.002084335,-0.001242296
338.79,3080.96634,2.7071,5698.261357,0.00337379,0.002479858,0.000274135,-0.001604446
338.94,3144.764401,2.7213,5820.348304,0.01321461,0.012167041,0.010024159,0.010591508
339.09,3134.383612,2.7245,5964.074668,0.012783818,0.013894888,0.017776056,0.027183227
339.24,3150.908677,2.7217,5962.907896,-0.000611946,-0.000971097,-0.001959257,-0.003341237
339.39,3100.712106,2.7292,5975.53325,0.002433454,0.003598456,0.006845621,0.011593121
339.55,3058.920346,2.7484,5933.539683,-2.09982E-05,0.000447142,0.001496166,0.001852476
339.7,3196.9457,2.7901,6014.681506,0.014319504,0.011065749,0.002592391,-0.006924046
339.85,3226.011304,2.8384,6047.139116,0.011272005,0.010129189,0.007182247,0.003995304
340,3223.725264,2.8564,6102.102102,0.007684653,0.007825657,0.008513137,0.01089579
340.16,3227.821961,2.8524,6056.872603,-0.004420506,-0.004728093,-0.005807376,-0.008404084
340.31,3239.623744,2.8408,6130.946394,0.004040222,0.004359127,0.005639373,0.009348073
340.46,3257.4195,2.8624,6182.806605,0.007998788,0.007609728,0.006826916,0.00709597
340.61,3271.930955,2.8685,6157.078216,-0.001020575,-0.001580069,-0.003244047,-0.006154558
340.77,3312.935448,2.8619,6139.714769,-0.002563778,-0.003525889,-0.006249315,-0.010413217
340.92,3415.432196,2.8431,6143.798754,-0.002962881,-0.005094415,-0.010916631,-0.01883817
341.07,3415.432196,2.8327,6143.798754,-0.001832341,-0.001680582,-0.001265992,-0.000699736
341.22,3397.50092,2.8289,6133.290406,-0.001527119,-0.001098034,1.78E-05,0.001276272
341.38,3366.542225,2.8244,6161.93268,0.001533552,0.002516522,0.005353909,0.009954734
341.53,3372.688746,2.8209,6181.803432,0.0009898,0.001009339,0.001168722,0.001889766
341.68,3442.317466,2.8141,6378.437199,0.014448784,0.01406145,0.014098156,0.019520192
341.83,3419.302005,2.8161,6041.146391,-0.026803012,-0.028149108,-0.033389908,-0.047590181
341.99,3098.159197,2.8305,5859.172257,-0.012741824,-0.005941083,0.011486376,0.030276184
342.14,3040.702314,2.8435,5642.145792,-0.016579268,-0.016662843,-0.018026358,-0.025068254
342.29,2968.734781,2.849,5490.111315,-0.012691095,-0.011876071,-0.010498263,-0.012516102
342.44,2994.400236,2.8418,5513.349251,0.000846678,0.000420817,-0.000604774,-0.00134848
342.6,3034.949716,2.8303,5576.187776,0.003639044,0.003140894,0.002156667,0.002620949
342.75,3103.048073,2.8127,5219.267453,-0.036177269,-0.039917919,-0.051991868,-0.076739476
342.9,3073.045319,2.7921,5377.937751,0.011298044,0.013672971,0.021209787,0.036630238
343.05,3177.714298,2.7768,5669.431941,0.023640159,0.022909256,0.022845153,0.032509271
343.2,3597.478932,2.7688,5831.372324,0.012638459,0.002762538,-0.023692265,-0.056694358
343.36,3471.526196,2.7766,5792.474344,-0.001939833,0.001257624,0.009733756,0.020144299
343.51,3459.351485,2.7837,5609.953618,-0.014730572,-0.015626556,-0.019044704,-0.028168658
343.66,3283.2091,2.7917,5282.678776,-0.028611882,-0.025570512,-0.019056996,-0.018126339
343.81,2860.628813,2.7756,5114.780507,-0.019039007,-0.006414491,0.026482706,0.064852976
343.97,2534.29783,2.7345,5051.124405,-0.013720114,-0.003964947,0.021954576,0.054398392
344.12,2579.553148,2.69,4773.46405,-0.036456848,-0.039016139,-0.047626617,-0.066656554
344.27,2476.639311,2.663,4631.163109,-0.020173311,-0.017705568,-0.011920663,-0.008373201
344.42,2499.180059,2.6496,4663.616751,0.000969302,0.000717711,0.000260861,0.000737337
344.58,2344.074444,2.6422,4675.778913,-9.61472E-05,0.004879136,0.018471496,0.037155634
344.73,2252.438664,2.6403,4621.963425,-0.006147682,-0.003903918,0.001832249,0.007861068
344.88,2330.631595,2.6567,4593.889885,4.98701E-05,-0.002575323,-0.009962864,-0.021039658
345.03,2522.343595,2.6719,4666.829985,0.010728579,0.005433862,-0.008623839,-0.025690498
345.19,2610.259484,2.6824,4703.195642,0.005842059,0.003243868,-0.003624434,-0.011871237
345.34,2687.830688,2.6844,4718.339293,0.001980005,-0.000384935,-0.006762286,-0.015047722
345.49,2818.047337,2.708,4948.935687,0.028226882,0.025447676,0.019537808,0.019967014
345.64,3033.43949,2.7685,5497.042274,0.063480991,0.060131739,0.055266712,0.072165496
345.8,3222.225746,2.8353,5797.321972,0.038494967,0.03448141,0.025387418,0.022538551
345.95,3266.705964,2.8791,6009.819193,0.025658655,0.025226449,0.025324036,0.031757025
346.1,3376.200445,2.8821,6021.097547,0.001458172,-0.001166632,-0.008302203,-0.017847133
346.25,3390.848713,2.8714,5937.932244,-0.008813808,-0.009514506,-0.011869004,-0.017139591
346.41,3311.02807,2.8711,5978.697946,0.003368667,0.00567912,0.012203031,0.022143205
346.56,3141.264132,2.8619,5738.816087,-0.022076097,-0.01913059,-0.012360934,-0.008859996
346.71,2713.192095,2.8498,5120.451567,-0.059054817,-0.051526914,-0.034212672,-0.024192143
346.86,2713.192095,2.8189,5120.451567,-0.005450985,-0.00504079,-0.003920325,-0.002390498
347.01,2633.716409,2.7945,4912.246773,-0.0250971,-0.023990767,-0.022216918,-0.025458455
347.17,2581.082225,2.7629,4599.921524,-0.038513207,-0.038733037,-0.041184107,-0.052784802
347.32,2546.365915,2.7157,4620.071848,-0.006429958,-0.004408751,0.001251136,0.009647522
347.47,2477.847329,2.6703,4498.16266,-0.021796628,-0.019849576,-0.015370098,-0.013100392
347.62,2426.94482,2.6385,4337.802066,-0.024136054,-0.023230091,-0.021855241,-0.024996826
347.78,2381.994373,2.6265,4269.924212,-0.010164709,-0.008975351,-0.006231608,-0.004828341
347.93,2342.813221,2.6214,4209.130831,-0.00814159,-0.00719499,-0.005068749,-0.00430173
348.08,2343.713956,2.6279,4193.610523,-0.000608794,-0.000875572,-0.001724142,-0.003447728
348.23,2351.126196,2.6386,4182.332117,0.000685188,0.000154192,-0.001384339,-0.003899971
348.39,2390.2133,2.6497,4198.173629,0.003989239,0.00254134,-0.001297343,-0.005974939
348.54,2415.022581,2.6499,4220.320678,0.0026685,0.001954048,0.000173364,-0.001440696
348.69,2415.022581,2.6393,4225.293539,-0.001415276,-0.001197062,-0.00056231,0.000487585
348.84,2424.049626,2.619,4230.689153,-0.003222489,-0.003165815,-0.002969447,-0.002504178
349,2439.961575,2.5999,4220.086949,-0.004914336,-0.005259596,-0.006285386,-0.008075172
349.15,2454.896907,2.5867,4247.55083,0.000698379,0.000612599,0.000592724,0.001588209
349.3,2487.757101,2.5878,4284.750337,0.004572421,0.003672155,0.001498442,-9.94E-05
349.45,2521.926196,2.5964,4306.727142,0.004216846,0.003012329,-0.000115058,-0.003602251
349.61,2528.411448,2.6086,4337.493418,0.005903024,0.005709085,0.005415651,0.006142142
349.76,2527.782385,2.6111,4365.323747,0.003676802,0.003887023,0.004673692,0.006759602
349.91,2523.596622,2.6073,4382.269636,0.001209015,0.001562914,0.002657533,0.004759819
350.06,2509.881423,2.6095,4331.268118,-0.005431435,-0.005400887,-0.00569037,-0.007829586
350.22,2489.179257,2.6236,4334.224447,0.003035546,0.003559885,0.005012994,0.007097425
350.37,2489.179257,2.6473,4349.811622,0.006291258,0.006023478,0.005410119,0.005133939
350.52,2484.917659,2.6548,4377.486392,0.004585572,0.004840905,0.005748946,0.007991718
350.67,2477.444526,2.6446,4372.274501,-0.002520404,-0.00213713,-0.001129179,6.30E-05
350.82,2475.43247,2.6259,4380.695047,-0.002586038,-0.002141562,-0.000864182,0.001179894
350.98,2453.711158,2.6165,4378.240947,-0.002073253,-0.001188754,0.001207199,0.004386012
351.13,2457.271848,2.6202,4386.431994,0.001641103,0.001526766,0.001275704,0.001223518
351.28,2469.215813,2.6217,4403.796975,0.002261641,0.001971371,0.001308113,0.001019459
351.43,2469.215813,2.6116,4403.796975,-0.001929949,-0.001767337,-0.0013231,-0.000716354
351.59,2445.639092,2.6065,4383.467081,-0.003290923,-0.002569178,-0.000749381,0.001023529
351.74,2451.343092,2.6015,4405.069877,0.001498007,0.001560969,0.001895498,0.003125459
351.89,2460.246993,2.6044,4438.490214,0.00433611,0.004262082,0.004311115,0.005576834
352.04,2499.589962,2.5928,4450.284713,-0.000905076,-0.001941895,-0.004693236,-0.008058497
352.2,2537.673799,2.5942,4467.112205,0.002156945,0.000983043,-0.002105722,-0.005754811
352.35,2574.75925,2.6228,4513.21537,0.010615575,0.009252529,0.00586565,0.00286074
352.5,2630.534219,2.6584,4561.303743,0.012039737,0.009951769,0.004587512,-0.001091839
352.65,2654.127482,2.6759,4583.114052,0.005665706,0.004747045,0.002392182,-8.40E-05
352.81,2643.30934,2.6553,4600.338083,-0.001988509,-0.001139351,0.001303527,0.005225671
352.96,2697.822623,2.6316,4605.342681,-0.003939145,-0.005326841,-0.009093376,-0.014108832
353.11,2698.778112,2.6183,4612.660603,-0.001739512,-0.00148196,-0.000726247,0.000552894
353.26,2683.807343,2.6248,4610.846381,0.001043029,0.001424099,0.002451506,0.003791165
353.42,2675.326955,2.6324,4603.186589,0.000614319,0.000710371,0.000918402,0.000945901
353.57,2595.588861,2.636,4570.743046,-0.002853181,-0.000465705,0.005803936,0.013211214
353.72,2534.508565,2.637,4477.348845,-0.010132352,-0.008838263,-0.005959829,-0.005058602
353.87,2534.508565,2.641,4477.348845,0.000757863,0.000692797,0.000515031,0.000272184
354.03,2459.849891,2.6478,4386.55825,-0.008957111,-0.007255086,-0.003265073,-0.0008501
354.18,2449.176376,2.6541,4330.837324,-0.00520371,-0.005390886,-0.006308044,-0.009456829
354.33,2434.893753,2.6631,4302.471663,-0.001592996,-0.001472508,-0.001355604,-0.002193015
354.48,2423.086096,2.6701,4287.884756,-0.000385524,-0.000203442,0.000183328,0.000190291
354.63,2428.685259,2.6801,4305.145553,0.003877772,0.003665053,0.003216293,0.003232651
354.79,2474.628562,2.6732,4277.894737,-0.004463867,-0.006192263,-0.011127707,-0.018861827
354.94,2496.314496,2.6766,4316.180011,0.005090369,0.004570985,0.003447292,0.003325386
355.09,2470.817121,2.6768,4355.779124,0.004603699,0.005847275,0.009546859,0.016047118
355.24,2537.462537,2.6743,4391.551163,0.003622294,0.001635841,-0.003538208,-0.009373895
355.4,2545.302714,2.6499,4396.174982,-0.00405669,-0.003885177,-0.003382346,-0.002533079
355.55,2552.336292,2.6319,4425.92243,-3.60048E-05,0.000265804,0.001314265,0.00381341
355.7,2558.979095,2.6248,4423.802612,-0.001590192,-0.001718934,-0.002086469,-0.002663122
355.85,2559.623782,2.6305,4433.261094,0.00215252,0.002109552,0.002062331,0.002330607
356.01,2565.440619,2.6241,4464.887352,0.002336281,0.002499231,0.003180706,0.005237965
356.16,2562.852098,2.6247,4464.560355,7.76918E-05,0.000154211,0.000360845,0.000631688
356.31,2524.432665,2.6291,4441.530055,-0.001748419,-0.000682587,0.002056193,0.004989948
356.46,2554.261292,2.6349,4439.977276,0.000926991,-0.000202999,-0.003305553,-0.007611288
356.62,2546.365915,2.6465,4477.151545,0.00636519,0.00674653,0.008066243,0.01119529
356.77,2542.966795,2.6431,4449.505124,-0.003739827,-0.003789283,-0.004123972,-0.005519712
356.92,2539.365159,2.6391,4384.286762,-0.008140042,-0.008471534,-0.009843224,-0.013890767
357.07,2537.673799,2.6319,4345.53257,-0.005805219,-0.005938234,-0.006585823,-0.00880347
357.23,2537.673799,2.6306,4345.53257,-0.000247031,-0.000224457,-0.000162785,-7.85E-05
357.38,2536.617843,2.6416,4347.516011,0.002314578,0.002178388,0.001821219,0.001403925
357.53,2537.462537,2.6555,4341.385597,0.001918536,0.001598324,0.000677451,-0.000797952
357.68,2528.201725,2.6771,4340.952788,0.004000708,0.003960512,0.003847119,0.003675546
357.84,2511.122096,2.6946,4332.006822,0.002226344,0.002470426,0.003069031,0.003565656
357.99,2510.294844,2.6974,4333.546598,0.000696977,0.000692648,0.000692445,0.000747201
358.14,2516.51255,2.6799,4346.400103,-0.001773602,-0.001596977,-0.001017062,0.000237336
358.29,2529.460581,2.6607,4362.824385,-0.001709264,-0.001712509,-0.001597563,-0.000851863
358.44,2539.153615,2.6621,4438.360952,0.008845544,0.009104458,0.010396366,0.014977423
358.6,2552.550038,2.684,4476.756995,0.008403142,0.00789385,0.006788779,0.0066479
358.75,2558.120017,2.6979,4437.133332,-0.00186245,-0.002593482,-0.004875444,-0.009327973
358.9,2559.193955,2.6941,4472.749685,0.00329266,0.003607512,0.004734153,0.007544308
359.05,2558.120017,2.6644,4448.401173,-0.008271772,-0.007943184,-0.00722184,-0.007066269
359.21,2551.268101,2.6434,4376.606407,-0.01209143,-0.012077156,-0.012550235,-0.015581113
359.36,2551.268101,2.6274,4361.887862,-0.004719902,-0.004563874,-0.004246904,-0.004329348
359.51,2555.54624,2.6313,4358.893688,0.00039829,0.000152001,-0.000543392,-0.001599654
359.66,2563.714358,2.6388,4370.331073,0.002733358,0.002402395,0.001584006,0.000873774
359.82,2589.634664,2.635,4398.966647,0.002544898,0.001915635,0.000410312,-0.000623604
359.97,2598.243969,2.6538,4411.509292,0.004978262,0.004442413,0.003071559,0.001641702
360.12,2616.982914,2.6675,4426.243792,0.004241763,0.00345293,0.001405746,-0.000875632
360.27,2618.556701,2.6868,4429.524349,0.003975017,0.003607912,0.002629089,0.001406439
360.43,2548.494983,2.6698,4423.481605,-0.003856211,-0.001097444,0.006371285,0.016281213
360.58,2580.645161,2.6524,4458.356493,0.000657223,0.000110603,-0.001125269,-0.001580364
360.73,2552.550038,2.6456,4384.349827,-0.009652632,-0.009149482,-0.008304224,-0.009610033
360.88,2547.217115,2.6527,4370.143091,-0.000282742,-0.000330798,-0.000567474,-0.001387764
361.04,2540,2.6601,4365.323747,0.000841165,0.000932742,0.00114676,0.001268321
361.19,2533.244681,2.6671,4365.073682,0.001285368,0.001405387,0.001731236,0.002166847
361.34,2527.992038,2.6776,4374.847498,0.003082852,0.003173179,0.003493369,0.004279009
361.49,2523.178808,2.6935,4388.642516,0.004534413,0.004553355,0.004708716,0.005412844
361.65,2523.387698,2.6886,4403.033586,0.000726473,0.000917723,0.001548097,0.002921334
361.8,2527.153636,2.6746,4440.430057,0.001618349,0.002023156,0.003411238,0.006654004
361.95,2533.455241,2.67,4412.275622,-0.004040991,-0.004409479,-0.005621142,-0.008239805
362.1,2533.244681,2.6945,4439.524586,0.007645307,0.007471909,0.007202312,0.007806226
362.25,2533.244681,2.72,4378.178057,-0.002247698,-0.003150451,-0.006056952,-0.012081777
362.41,2500.205069,2.7319,4362.824385,0.000426215,0.001275216,0.003476267,0.005929761
362.56,2491.621025,2.7209,4357.024415,-0.002682454,-0.002250327,-0.001113528,0.000233034
362.71,2529.250685,2.7208,4354.783404,-0.000275615,-0.001614844,-0.005296777,-0.010427725
362.86,2530.090479,2.7224,4371.710102,0.002233634,0.002316901,0.002672401,0.003766155
363.02,2536.195706,2.72,4399.411102,0.002717227,0.002768546,0.003118261,0.004593944
363.17,2543.815724,2.6963,4462.338043,0.002725366,0.003365243,0.00559371,0.010944188
363.32,2548.281916,2.6617,4469.666975,-0.005637138,-0.005168356,-0.003834006,-0.001756944
363.47,2538.096428,2.6378,4454.382042,-0.006222591,-0.005603725,-0.00402482,-0.002394375
363.63,2508.848465,2.6404,4461.031833,0.001238467,0.002252139,0.005066885,0.009131296
363.78,2503.079576,2.6623,4400.36381,-0.002716433,-0.003355884,-0.005536261,-0.010538158
363.93,2541.482531,2.6853,4379.12159,0.001881485,7.60E-06,-0.005275531,-0.013252998
364.08,2490.80657,2.6975,4362.324856,0.000344975,0.001803875,0.005654115,0.010288016
364.24,2471.217772,2.6934,4343.365253,-0.002938376,-0.002340249,-0.000848822,0.000518493
364.39,2468.016194,2.69,4332.253113,-0.001912417,-0.001836947,-0.001714051,-0.001939227
364.54,2468.016194,2.6723,4332.253113,-0.003300822,-0.003013665,-0.002229213,-0.001157904
364.69,2457.271848,2.6575,4340.890965,-0.001780914,-0.001088929,0.000866316,0.003845084
364.85,2450.751789,2.6505,4319.115772,-0.003833206,-0.003671632,-0.003392878,-0.003777714
365,2430.04066,2.651,4335.149127,0.001946966,0.002801652,0.005256969,0.009184706
365.15,2449.176376,2.6671,4353.041988,0.005086811,0.004317958,0.002351468,0.000304939
365.3,2465.819917,2.6881,4377.800758,0.006757129,0.006053493,0.004317459,0.002835204
365.46,2484.31005,2.73,4393.386857,0.009510173,0.008344759,0.005275388,0.001630689
365.61,2527.782385,2.747,4402.969982,0.004193317,0.002508382,-0.002032222,-0.007925542
365.76,2538.942107,2.7345,4417.263268,-0.000659889,-0.000731619,-0.000821266,-0.000438472
365.91,2539.788351,2.7019,4450.934579,-0.002199805,-0.00142325,0.000950935,0.005398957
366.06,2497.54179,2.6791,4387.442242,-0.011420493,-0.010105454,-0.00697499,-0.004844922
366.22,2468.815811,2.684,4369.453962,-0.001140536,-0.000367664,0.001607394,0.003666516
366.37,2457.073761,2.6947,4349.253007,-0.00032764,-0.00025647,-0.000212365,-0.0008597
366.52,2457.271848,2.7044,4359.392431,0.002960884,0.002884182,0.002751157,0.002932462
366.67,2533.034156,2.7038,4367.763384,0.000848242,-0.001694518,-0.008603376,-0.017829063
366.83,2537.251311,2.7002,4372.149066,-0.000164374,-0.000218304,-0.000332825,-0.000333729
366.98,2539.365159,2.6802,4387.884372,-0.001920948,-0.001531091,-0.000347596,0.001831403
367.13,2537.04012,2.6504,4358.893688,-0.008904642,-0.0085566,-0.007819333,-0.007815956
367.28,2532.823666,2.6258,4328.00852,-0.008217682,-0.007896515,-0.007247943,-0.007436952
367.44,2524.014574,2.6122,4325.613079,-0.002873222,-0.002335374,-0.000884561,0.001010012
367.59,2510.501606,2.6103,4303.018325,-0.002982387,-0.002647546,-0.0019027,-0.001684208
367.74,2529.040823,2.6047,4317.769719,0.000637318,0.000185217,-0.000938673,-0.001943756
367.89,2529.040823,2.5989,4317.769719,-0.001114613,-0.001012132,-0.000732158,-0.000349737
368.05,2541.270635,2.6006,4330.591194,0.001809486,0.001441822,0.000534238,-0.000244744
368.2,2545.09018,2.6062,4340.087428,0.002170726,0.002011677,0.001649032,0.001494718
368.35,2545.727888,2.6286,4355.716878,0.006076364,0.005788807,0.005121574,0.004772572
368.5,2545.727888,2.6463,4353.850329,0.003141206,0.002818855,0.001924098,0.000635344
368.66,2540.423404,2.6722,4337.061385,0.00293804,0.002544893,0.001345495,-0.000883477
368.81,2470.416599,2.6826,4325.613079,0.000620617,0.002883816,0.00895875,0.016773733
368.96,2457.668118,2.684,4331.45277,0.00093543,0.001412226,0.002758379,0.004804397
369.11,2453.711158,2.6795,4281.620498,-0.006624627,-0.006823607,-0.007735273,-0.010702505
369.27,2516.51255,2.6862,4292.897283,0.002563819,0.000299775,-0.005817914,-0.013829512
369.42,2465.02224,2.6985,4310.015696,0.00427407,0.006092548,0.011179712,0.018708999
369.57,2537.04012,2.7085,4318.687391,0.002854432,0.000208658,-0.006978053,-0.01656678
369.72,2544.028044,2.7079,4335.704125,0.00185548,0.001752831,0.001601944,0.002011616
369.87,2550.841075,2.6983,4367.888567,0.001922108,0.00210649,0.00285619,0.005053128
370.03,2554.261292,2.6864,4367.888567,-0.002209965,-0.002130504,-0.001913458,-0.001617167
370.18,2547.430004,2.6825,4380.380265,0.0007015,0.001116027,0.002342292,0.004462664
370.33,2543.815724,2.6818,4366.199201,-0.001751819,-0.001727409,-0.001765969,-0.002315006
370.48,2539.576737,2.6702,4363.386492,-0.002489616,-0.002163912,-0.001295273,-0.000208699
370.64,2523.596622,2.6563,4348.198237,-0.004353029,-0.003669223,-0.001915511,-5.78E-05
370.79,2535.14098,2.6542,4386.053272,0.003938654,0.003875625,0.003992206,0.005530844
370.94,2539.365159,2.6696,4382.521675,0.002489917,0.002053102,0.000833215,-0.00095811
371.09,2540.211684,2.6888,4362.449727,0.001287914,0.000771777,-0.000786871,-0.003615564
371.25,2542.542543,2.6941,4379.373267,0.002920522,0.002887307,0.002924282,0.003581601
371.4,2538.519197,2.6904,4368.45198,-0.001935613,-0.001819998,-0.001585363,-0.001648164
371.55,2538.519197,2.6655,4368.45198,-0.004649079,-0.004228142,-0.003078279,-0.001508079
371.7,2537.04012,2.6473,4366.699617,-0.003626297,-0.003277833,-0.002339038,-0.001119005
371.86,2546.153204,2.6446,4371.459304,3.44876E-05,-0.000205061,-0.000824167,-0.001501994
372.01,2549.347608,2.6523,4402.588398,0.005001515,0.005012061,0.005276763,0.006762791
372.16,2539.153615,2.6612,4411.445443,0.002679854,0.002960948,0.003794532,0.005244801
372.31,2535.562765,2.6437,4409.786021,-0.003486952,-0.00308188,-0.001987688,-0.000551749
372.47,2481.276457,2.6419,4361.263736,-0.005872632,-0.004336338,-0.000504246,0.003037287
372.62,2492.639843,2.6326,4351.364084,-0.002899436,-0.003225064,-0.004189074,-0.005856562
372.77,2508.02271,2.6408,4355.218975,0.001997729,0.001350503,-0.000389941,-0.002634114
372.92,2453.316162,2.644,4317.830885,-0.003705335,-0.002125731,0.001900494,0.006059232
373.08,2415.405341,2.6367,4274.774901,-0.006393166,-0.005291692,-0.002608918,-0.000465622
373.23,2375.126627,2.6242,4187.503435,-0.012688707,-0.011781759,-0.009953624,-0.010460876
373.38,2378.277154,2.6013,4150.270285,-0.008847781,-0.008901763,-0.009335138,-0.011268091
373.53,2340.654277,2.589,4161.660295,-0.000999488,0.000700966,0.005429294,0.012290273
373.68,2320.164421,2.5867,4157.289578,-0.000969777,-0.000227541,0.001763973,0.004315453
373.84,2295.007906,2.6,4152.531982,0.001991727,0.002641683,0.004377326,0.006562111
373.99,2305.946437,2.6266,4102.729769,-0.000943463,-0.002177183,-0.00593191,-0.012855871
374.14,2295.872251,2.6415,4123.432406,0.005344988,0.005657052,0.006675751,0.008857839
374.29,2311.542545,2.6406,4087.982833,-0.004487492,-0.005347257,-0.007973767,-0.01286261
374.45,2262.302383,2.6367,4098.09616,0.000496416,0.002475012,0.00794948,0.015770421
374.6,2262.974237,2.6213,4030.413223,-0.011255207,-0.011627478,-0.013167741,-0.017707871
374.75,2216.727273,2.5925,4022.541011,-0.006501323,-0.004376177,0.001353953,0.008840123
374.9,2144.968332,2.5667,4149.027402,0.010478875,0.014669096,0.027177201,0.049485736
375.06,2144.968332,2.5638,4149.027402,-0.000565247,-0.000524767,-0.000414174,-0.00026311
375.21,2189.026142,2.5662,4134.282808,-0.001312201,-0.002943908,-0.007525298,-0.014354747
375.36,2119.61057,2.5705,4117.138535,-0.001240625,0.000929987,0.006704949,0.013889932
375.51,2162.929322,2.593,4121.536652,0.004891336,0.003168978,-0.001510296,-0.007765121
375.67,2101.054663,2.6236,4103.00591,0.003612834,0.005129482,0.009111749,0.01381134
375.82,2132.960112,2.636,4128.17943,0.005415865,0.004404188,0.001838548,-0.000715199
375.97,2298.122597,2.6165,4118.58498,-0.004875917,-0.010227092,-0.025033166,-0.045993252
376.12,2238.214128,2.5903,4119.475605,-0.004923773,-0.002318865,0.004786084,0.014461792
376.28,2236.735892,2.5692,4089.024832,-0.007799089,-0.007687478,-0.007620973,-0.008649925
376.43,2255.438804,2.5571,4067.742323,-0.004969531,-0.005636912,-0.007630167,-0.011151248
376.58,2229.373903,2.5609,4013.325082,-0.00599147,-0.005576928,-0.004873911,-0.005915794
376.73,2170.167319,2.5608,4002.468714,-0.001373897,0.000727994,0.006364905,0.013589861
376.89,2091.82623,2.5544,3990.573449,-0.00273937,9.75E-05,0.007721378,0.017578644
377.04,2042.347896,2.5382,3803.011966,-0.027245136,-0.026910536,-0.027412874,-0.034500899
377.19,2069.246436,2.5264,3764.589637,-0.007407024,-0.008605138,-0.012205849,-0.018653969
377.34,2123.301985,2.5157,3821.847728,0.005425383,0.004034103,0.000728696,-0.001383309
377.49,2123.597854,2.4991,3787.182227,-0.00786592,-0.0079275,-0.008387248,-0.010382327
377.65,2166.465278,2.495,3807.477546,0.00185135,0.000413956,-0.003346506,-0.007677749
377.8,2180.725478,2.5093,3826.741996,0.005380938,0.00474463,0.003171741,0.001812549
377.95,2228.070175,2.5196,3857.837181,0.006094551,0.004322689,-0.000261993,-0.005284958
378.1,2263.142263,2.5174,3934.98496,0.009463124,0.008822345,0.007743694,0.009525918
378.26,2266.508031,2.5099,4002.521273,0.00701674,0.007639312,0.009919871,0.015826858
378.41,2282.462184,2.5285,4013.48362,0.00505918,0.004236252,0.002076242,-0.000453058
378.56,2306.644468,2.5528,4095.728241,0.01492364,0.014336473,0.013425008,0.015533834
378.71,2334.380026,2.5559,4134.226731,0.005284642,0.004550947,0.002855373,0.00202021
378.87,2392.84032,2.5512,4163.820661,0.002646094,0.000845321,-0.003853765,-0.009200062
379.02,2416.745956,2.5479,4191.534421,0.002669719,0.002083116,0.000698093,-0.000153783
379.17,2436.450839,2.5578,4229.867192,0.00649078,0.005922317,0.004671325,0.00440815
379.32,2424.435253,2.568,4252.706775,0.004682438,0.005138412,0.006561887,0.00935265
379.48,2418.663704,2.5743,4242.466421,1.97007E-05,3.40E-05,-5.41E-06,-0.000429648
379.63,2452.921294,2.5799,4222.425401,-0.001281057,-0.002777231,-0.007023499,-0.013563959
379.78,2450.160772,2.5852,4215.94257,0.000257861,0.000211776,3.58E-05,-0.00044118
379.93,2449.963829,2.5946,4214.368674,0.001628048,0.001457729,0.000980192,0.000270096
380.09,2450.554752,2.6055,4219.736405,0.002732541,0.00256671,0.002155349,0.001791053
380.24,2455.292412,2.6091,4218.509958,0.000545026,0.000297543,-0.000388221,-0.00137036
380.39,2467.816371,2.6115,4253.359568,0.004573276,0.004366672,0.004075768,0.004984767
380.54,2436.645615,2.6093,4238.808461,-0.002134864,-0.001079289,0.001688751,0.00492961
380.7,2436.645615,2.6059,4219.561155,-0.00292747,-0.003032322,-0.003465952,-0.004751574
380.85,2436.645615,2.6075,4219.561155,0.000306901,0.00027948,0.000204564,0.000102224
381,2448.979592,2.6093,4235.333352,0.002210489,0.001861983,0.001032153,0.000480511
381.15,2460.644224,2.6096,4286.859538,0.0061036,0.00611161,0.006539883,0.00907282
381.3,2542.542543,2.6064,4323.649569,0.003659202,0.001089498,-0.005677105,-0.013669465
381.46,2535.351855,2.6028,4373.466489,0.005036916,0.005779405,0.008192634,0.013331412
381.61,2548.068885,2.606,4406.47092,0.004373408,0.004138652,0.003746787,0.004402226
381.76,2555.11778,2.6056,4425.344097,0.002060202,0.001973384,0.001877144,0.002415817
381.91,2542.966795,2.6178,4436.874973,0.00363676,0.003946621,0.00487823,0.00655493
382.07,2561.775088,2.6183,4387.884372,-0.005456006,-0.006508988,-0.00974068,-0.015814471
382.22,2555.54624,2.6145,4357.834236,-0.004162161,-0.004118587,-0.004220732,-0.005399622
382.37,2549.774134,2.6006,4318.626201,-0.007184148,-0.007051518,-0.00697859,-0.008236026
382.52,2540.846949,2.5963,4327.578373,0.000207971,0.000686903,0.002062971,0.004263838
382.68,2534.93014,2.5937,4319.972788,-0.00138047,-0.001182079,-0.000697513,-0.000306713
382.83,2529.670512,2.5916,4299.558477,-0.002773367,-0.002713714,-0.002703987,-0.003412301
382.98,2525.269263,2.5882,4264.368459,-0.004765481,-0.004835615,-0.005290763,-0.007149412
383.13,2523.596622,2.5856,4276.094276,0.000870441,0.001078775,0.0017383,0.003067955
383.29,2530.090479,2.5888,4299.740436,0.003375725,0.003277069,0.003190001,0.003939629
383.44,2533.244681,2.5975,4314.286119,0.003366091,0.003216553,0.002919217,0.003041242
383.59,2536.195706,2.6067,4321.258949,0.002575256,0.002362481,0.001834073,0.001363158
383.74,2537.251311,2.6128,4299.497828,-0.00135558,-0.001682095,-0.002737228,-0.004946385
383.9,2538.307795,2.6178,4305.267172,0.001626395,0.001546569,0.001372444,0.001342925
384.05,2544.452792,2.6068,4315.813321,-0.000882129,-0.000823432,-0.000582753,0.000127137
384.2,2545.940528,2.5863,4328.561691,-0.002472801,-0.002053185,-0.00080975,0.001349379
384.35,2543.391188,2.5692,4348.012154,-0.001075132,-0.000512918,0.001171083,0.004175234
384.51,2543.815724,2.5794,4363.511424,0.003760277,0.003691619,0.003621341,0.004082429
384.66,2536.617843,2.6038,4371.835511,0.005660411,0.005558098,0.005340947,0.005340155
384.81,2539.365159,2.6278,4376.794945,0.005154374,0.004683949,0.003435636,0.001905651
384.96,2543.815724,2.6425,4358.208102,0.000661361,9.98E-05,-0.001572305,-0.004506035
385.11,2542.33047,2.6474,4348.384336,-0.00020202,-0.000314087,-0.000693643,-0.001558596
385.27,2507.197499,2.6552,4337.802066,0.00025269,0.001297161,0.004066034,0.007455254
385.42,2476.438089,2.6555,4316.302254,-0.002427859,-0.001511476,0.000827308,0.003251397
385.57,2467.217096,2.6509,4308.066317,-0.001821837,-0.001485272,-0.000628346,0.000247211
385.72,2503.902078,2.644,4355.530151,0.004175426,0.003381896,0.001575731,0.000847357
385.88,2529.880478,2.6466,4342.87017,-0.000964001,-0.002029869,-0.00503945,-0.009607099
386.03,2544.66522,2.6661,4384.854414,0.008480746,0.007965215,0.006877257,0.006924724
386.18,2558.334732,2.673,4380.380265,0.000781911,0.000144182,-0.001632365,-0.004219786
386.33,2591.836735,2.6728,4416.367219,0.004053527,0.003157237,0.00097615,-0.00071979
386.49,2610.706638,2.6577,4434.357542,-0.000800121,-0.001063915,-0.001651791,-0.001822255
386.64,2548.708086,2.6402,4438.942693,-0.002786465,-0.000232904,0.006758619,0.016404793
386.79,2548.708086,2.6248,4438.942693,-0.002924976,-0.002666498,-0.001960385,-0.00099603
386.94,2546.365915,2.6206,4438.360952,-0.000866233,-0.00071901,-0.000321112,0.000202037
387.1,2542.118432,2.6299,4436.293773,0.00153833,0.001512525,0.001426748,0.001237368
387.25,2537.885096,2.6373,4399.093625,-0.002805454,-0.003082118,-0.004107832,-0.00677535
387.4,2527.572767,2.6444,4372.588119,-0.001677456,-0.001650488,-0.001771952,-0.002855358
387.55,2548.708086,2.647,4351.985379,-0.0018701,-0.00283103,-0.005611037,-0.010134596
387.71,2542.542543,2.6411,4353.601577,-0.000930062,-0.000591791,0.000344306,0.001679795
387.86,2540.846949,2.6314,4372.901782,0.000371944,0.000760631,0.001968646,0.004313355
388.01,2540.635159,2.6242,4348.384336,-0.00418117,-0.004250296,-0.004620511,-0.005979655
388.16,2538.519197,2.6337,4347.888107,0.001749743,0.001656585,0.001398319,0.001027776
388.32,2530.930831,2.6349,4337.431694,-0.000976154,-0.000810096,-0.000434939,-0.000292832
388.47,2527.992038,2.6353,4337.184814,4.74384E-05,0.000144411,0.000407445,0.000757814
388.62,2521.717548,2.6346,4326.779757,-0.001333788,-0.001181724,-0.00084454,-0.000753146
388.77,2506.578947,2.629,4346.524064,0.001212538,0.002020269,0.004376323,0.008305997
388.92,2489.78925,2.6239,4324.201626,-0.003545344,-0.003045469,-0.001847414,-0.000998276
389.08,2488.569562,2.612,4322.668482,-0.002450076,-0.002217315,-0.001593043,-0.000795254
389.23,2448.979592,2.6134,4340.02563,0.002271587,0.003805962,0.008122956,0.014623075
389.38,2469.81606,2.6216,4367.700795,0.004744587,0.004115191,0.002604563,0.001538842
389.53,2485.322896,2.6395,4352.793328,0.001692865,0.000741625,-0.001969437,-0.006200102
389.69,2547.855889,2.6505,4499.623555,0.018665208,0.01752277,0.015558885,0.018578191
389.84,2542.754651,2.6614,4490.607735,0.001049152,0.000973039,0.000699749,1.79E-05
389.99,2548.708086,2.666,4503.279948,0.002272438,0.002098624,0.001716329,0.001633669
390.14,2583.707722,2.6839,4586.286282,0.012477521,0.011681577,0.01012539,0.010990134
390.3,2575.411914,2.6971,4591.606158,0.003032712,0.003138828,0.003466523,0.004093343
390.45,2565.440619,2.7157,4501.417769,-0.006482337,-0.007142783,-0.009566004,-0.015748968
390.6,2553.405378,2.7079,4506.675735,-0.000854466,-0.000278875,0.001331237,0.00370964
390.75,2548.281916,2.6954,4558.643175,0.003419199,0.00420756,0.00674652,0.012058953
390.91,2544.028044,2.678,4515.020442,-0.008045669,-0.007976253,-0.008093987,-0.009695401
391.06,2532.402792,2.6798,4446.973344,-0.007256912,-0.007433062,-0.008393601,-0.01193995
391.21,2527.363184,2.6818,4390.91852,-0.005969547,-0.006278265,-0.007524101,-0.011106589
391.36,2527.363184,2.6838,4390.033127,0.000271914,0.000231588,0.000114826,-7.59E-05
391.52,2535.351855,2.6734,4391.677713,-0.001754039,-0.001848881,-0.00209597,-0.002376359
391.67,2539.788351,2.6648,4381.765645,-0.002740806,-0.00283411,-0.003162562,-0.003958383
391.82,2549.560853,2.6585,4398.204932,0.000688888,0.000584041,0.000420744,0.00078306
391.97,2567.601718,2.6659,4439.653917,0.006079723,0.005657977,0.004817798,0.005163125
392.13,2612.049019,2.6711,4485.255165,0.006083735,0.004817517,0.001691541,-0.000972803
392.28,2680.503034,2.6704,4573.966806,0.009661376,0.008013093,0.004160489,0.002066645
392.43,2687.830688,2.6722,4582.562807,0.001275698,0.001060723,0.000534819,0.000107911
392.58,2730.693424,2.6754,4614.476254,0.004068361,0.002795757,-0.000458317,-0.003832036
392.73,2722.644038,2.6867,4615.244844,0.002190656,0.00227551,0.002512566,0.002861352
392.89,2718.273433,2.6874,4598.394786,-0.001698563,-0.001691796,-0.001791915,-0.002487811
393.04,2702.606845,2.677,4628.209606,0.001292698,0.002247883,0.005070824,0.009944775
393.19,2679.089391,2.6661,4595.413632,-0.005595623,-0.004866826,-0.00310679,-0.001785103
393.34,2650.20433,2.6565,4487.566437,-0.013676884,-0.013360939,-0.013235149,-0.016470195
393.5,2611.601405,2.6527,4486.311451,-0.000855587,0.000563809,0.004425717,0.009634207
393.65,2542.118432,2.6509,4378.869941,-0.012458835,-0.010856352,-0.007246861,-0.005845933
393.8,2530.510585,2.6526,4342.87017,-0.003807052,-0.003717297,-0.003737263,-0.005008559
393.95,2472.621076,2.6612,4331.822122,0.000344833,0.002189521,0.007131431,0.013438734
394.11,2532.402792,2.6637,4339.531308,0.001358533,-0.000726536,-0.006380901,-0.013884692
394.26,2546.365915,2.6734,4363.261567,0.004544185,0.004072471,0.00296329,0.002303998
394.41,2539.365159,2.677,4401.126272,0.004993123,0.005495697,0.007156959,0.010802334
394.56,2552.336292,2.6751,4506.076107,0.011427628,0.011871407,0.01389888,0.020622772
394.72,2593.601089,2.6616,4479.059515,-0.005536421,-0.006922582,-0.010909811,-0.017290271
394.87,2612.272883,2.6583,4576.301724,0.010118389,0.010316522,0.011596096,0.016918767